common_name,n
KWANZAN FLOWERING CHERRY,10529
PISSARD PLUM,8692
NORWAY MAPLE,5614
CRIMEAN LINDEN,4427
PYRAMIDAL EUROPEAN HORNBEAM,3409
NIGHT PURPLE LEAF PLUM,3250
RED MAPLE,2806
KOBUS MAGNOLIA,2688
BOWHALL RED MAPLE,2622
AKEBONO FLOWERING CHERRY,2384
COMMON HORSECHESTNUT,2249
HEDGE MAPLE,2141
KATSURA TREE,2027
EUROPEAN BEECH,2001
ARMSTRONG RED MAPLE,1876
COLUMNAR NORWAY MAPLE,1823
AMERICAN ELM,1800
SYCAMORE MAPLE,1782
JAPANESE FLOWERING CRABAPPLE,1689
PACIFIC SUNSET MAPLE,1655
REDBUD CRABAPPLE,1613
AUTUMN APPLAUSE ASH,1494
PIN OAK,1466
RED OAK,1399
GLOBEHEAD NORWAY MAPLE,1376
JAPANESE SNOWBELL,1361
FLOWERING ASH,1360
LAVALLEI HYBRID HAWTHORN,1346
TREE LILAC,1294
CHANTICLEER PEAR,1252
EUROPEAN HORNBEAM,1238
WORPLESDON SWEETGUM,1228
EUROPEAN WHITE BIRCH,1199
LONDON PLANE TREE,1117
WESTERN RED CEDAR,1098
DAWYCK'S BEECH,1038
ENGLISH OAK,1011
QUEEN ELIZABETH MAPLE,998
AUTUMN BLAZE RED MAPLE,958
BASSWOOD,945
VANESSA PERSIAN IRONWOOD,939
PERSIAN IRONWOOD,926
LITTLE-LEAF LINDEN,900
EUROPEAN ASH,826
RED SUNSET RED MAPLE,815
UKON JAPANESE CHERRY,811
AUTUMN FLAME RED MAPLE,807
FREEMAN'S S.S. MAPLE,779
THORNLESS HONEYLOCUST,774
GOLDEN DAWYCK BEECH,748
DOUGLAS FIR,733
EMERALD QUEEN NORWAY MAPLE,693
ENGLISH HAWTHORN,675
OCTOBER GLORY RED MAPLE,673
PATMORE ASH,648
PRINCETON GOLD MAPLE,619
ARISTOCRAT PEAR,607
BLOODGOOD PLANE TREE,607
TULIPTREE,604
RAYWOOD ASH,598
MAZZARD CHERRY,582
MORGAN RED MAPLE,551
SAWTOOTH OAK,526
PINK PERFECTION CHERRY,522
RANCHO SARGENT CHERRY,513
PAPERBARK MAPLE,510
TUPELO,504
JAPANESE DOGWOOD,499
JAPANESE FLOWERING CHERRY,482
MAGNOLIA 'GALAXY',478
PACIFIC DOGWOOD,478
EDDIES WHITE WONDER DOGWOOD,474
AMERICAN SWEETGUM,468
WASHINGTON HAWTHORN,465
GOLDEN WHITEBEAM,456
BRANDON ELM,446
OSAKAZUKI JAPANESE MAPLE,433
WHITE ASH,425
TOBA HAWTHORN,420
LAWSON CYPRESS/PORT ORFORD CED,414
PYRAMIDAL ENGLISH OAK,408
EASTERN REDBUD,401
BIGLEAF MAPLE,398
CARDINAL ROYAL MOUNTAIN ASH,397
DAWN REDWOOD,395
SHIROFUGEN CHERRY,378
COMMON CATALPA,374
AMERICAN HORNBEAM,371
SCHWEDLER NORWAY MAPLE,371
JAPANESE MAPLE,360
SCARLET OAK,351
SUMMIT ASH,335
FRANZ FONTAINE HORNBEAM,330
CRIMSON KING NORWAY MAPLE,329
SILVER VARIEGATED NORWAY MAPLE,320
WILLOW OAK,316
BLACK LOCUST,301
PURPLE HAZE JAPANESE PLUM,301
SILVER MAPLE,301
BERGESON ASH,293
SHADEMASTER HONEYLOCUST,283
AMUR MAPLE,276
SCOTS ELM,272
MAPLE SPECIES,267
SNOWBIRD HAWTHORN,263
COMMON APPLE,262
JAPANESE STEWARTIA,259
KARPICK RED MAPLE,255
CAUCASIAN ASH,249
THORNLESS COCKSPUR HAWTHORN,249
RUBY RED HORSECHESTNUT,245
SUNBURST HONEYLOCUST,241
DEODAR CEDAR,235
SCOTCH PINE,233
COMMON HACKBERRY,226
SCHUBERT CHOKECHERRY,226
AUSTRIAN PINE,225
SHIROTAE(MT FUJI) CHERRY,225
RED CAUCASIAN MAPLE,221
GINKGO OR MAIDENHAIR TREE,220
SUPERFORM NORWAY MAPLE,220
NORTHWOOD RED MAPLE,218
ARNOLD TULIPTREE,213
CHINESE KOUSA DOGWOOD,209
PURPLE DAWYCK BEECH,207
DOUGLAS HAWTHORN,205
EUROPEAN MOUNTAIN ASH,205
SIBERIAN ELM,203
DEBORAH NORWAY MAPLE,198
NORWEGIAN SUNSET MAPLE,197
PINK KOUSA DOGWOOD,195
BRANDYWINE RED MAPLE,192
ROSE OF SHARON,191
AUTUMN PURPLE ASH,189
PURPLE LEAF SYCAMORE MAPLE,186
BOXELDER,183
SARGENT FLOWERING CHERRY,180
DOVE OR HANDKERCHIEF TREE,177
CHINESE TULIPTREE,176
VILLAGE GREEN ZELKOVA,175
CAUCASIAN MAPLE,174
ALDERLEAFED MOUNTAIN ASH,172
JAPANESE HORNBEAM,171
SEIBOLDI CHERRY,170
PYRAMIDAL BEECH,165
CALLERY PEAR,161
PANACEK MAPLE,161
SNOWCONE JAPANESE SNOWBELL,161
APPLE SERVICEBERRY,156
"CHERRY, PLUM OR PEACH SPECIES",155
ENGLISH HOLLY,155
JAPANESE ZELKOVA,154
MODESTO ASH,154
GREEN ASH,150
HALKA HONEYLOCUST,149
GOLD LEAF BLACK LOCUST,145
FLOWERING DOGWOOD,141
PRAIRIE FIRE CRABAPPLE,140
WESTOFF'S GLORIE EUROPEAN ASH,140
NORWAY SPRUCE,139
PAPER BIRCH,139
COPPER OR PURPLE BEECH,137
EUROPEAN LINDEN,133
GIANT SEQUOIA,133
RED SHINE MAPLE,133
WHITE BEAM MOUNTAIN ASH,131
GLOBE HORNBEAM,126
NOOTKA CYPRESS,124
VARIEGATED SYCAMORE MAPLE,123
WESTERN HEMLOCK,121
NORTHERN WHITE CEDAR,119
SUGAR MAPLE,116
FERNLEAF BEECH,115
MAGNOLIA WADA'S MEMORY,112
HIGAN CHERRY,111
AMERICAN MOUNTAIN ASH,110
PAUL'S SCARLET HAWTHORN,108
GRAND FIR,107
GREEN PILLAR PIN OAK,107
RED JEWEL CRABAPPLE,106
ASH SPECIES,105
AUTUMN HIGAN CHERRY,105
DEGROOT LINDEN,105
CAPITAL PEAR,104
KOREAN MOUNTAIN ASH,102
SHORE PINE,102
VINE MAPLE,98
INGES RUBY VASE IRONWOOD,96
FAIRVIEW NORWAY MAPLE,95
GLOBE OR MOPHEAD ACACIA,95
LITTLE LEAF LINDEN,94
WEEPING CUTLEAF BIRCH,94
YULAN MAGNOLIA,94
HONEYLOCUST,93
LUCAS COLUMNAR HORNBEAM,92
THUNDERCLOUD PURPLE PLUM,88
LEPRECHAUN ASH,87
FRAGRANT SNOWBELL,86
BIG LEAF LINDEN,85
LOMBARDY POPLAR,85
MAGNOLIA 'VULCAN',85
PINE SPECIES,85
TRICOLOR BEECH,85
WATERER GOLDENCHAIN TREE,85
BLACK WALNUT,84
JAPANESE BEECH,82
WESTERN CATALPA,82
WHITE HIMALAYAN BIRCH,80
WHITCOMB CHERRY,79
ALLGOLD EUROPEAN ASH,78
SNAKEBARK MAPLE,78
YOSHINO CHERRY,78
SITKA SPRUCE,77
WILD CHERRY,75
ENGLISH ELM,74
GREEN COLUMN BLACK MAPLE,74
MAGNOLIA 'CAERHAYS BELLE',74
OAK SPECIES,73
BLOODGOOD JAPANESE MAPLE,72
REDSPIRE PEAR,70
APPLE SPECIES,69
SHUMARD OAK,69
STELLAR PINK DOGWOOD,69
AMANOGAWA JAPANESE CHERRY,68
CEDAR SPECIES,68
CRIMSON SENTRY NORWAY MAPLE,67
GIANT DOGWOOD,66
COMMOM CHOKECHERRY,65
CRIMSON SUNSET MAPLE,64
GOLD CLOUD ASH,64
KOTO NO IKO JAPANESE MAPLE,63
PURPLE PLUM,63
SAWARA FALSECYPRESS,63
RED RAGE TUPELO,62
COLORADO SPRUCE,61
SERVICEBERRY,61
WEEPING JAPANESE CHERRY,61
ACCOLADE CHERRY,60
BAILEY SELECT CHOKECHERRY,58
BUR OAK,57
GOLDEN BEECH,57
MAGNOLIA SPECIES,56
SERBIAN SPRUCE,56
GRAY BIRCH,54
MOUNTAIN ASH SPECIES,54
PERE DAVIDS MAPLE,54
GOLDEN DESERT ASH,53
PORTUGUESE LAUREL,53
SOUTHERN MAGNOLIA,53
MORAINE HONEYLOCUST,52
ROSTHERN CRABAPPLE,52
ROYAL RED NORWAY MAPLE,52
TURKISH HAZELNUT,52
SCARLET MAPLE FRANK JR,51
SINGLE SEED HAWTHORN,51
SKYMASTER ENGLISH OAK,51
SKYROCKET ENGLISH OAK,51
SNOWCLOUD CRABAPPLE,51
PYRAMIDAL EUROPEAN BIRCH,49
SPANISH CHESTNUT,49
HUGARIAN OAK,48
ROYAL SPLENDOR CRABAPPLE,48
CHANCELLOR LINDEN,47
GREEN MOUNTAIN NORWAY MAPLE,47
HARVEST ORANGE JPN MAPLE,47
PYRAMIDAL AMERICAN HORNBEAM,47
CRIMSON SPIRE OAK,46
ENGLISH YEW,46
BLACK COTTONWOOD,45
FALSECYPRESS SPECIES,45
MAGNOLIA 'YELLOW BIRD',45
WEEPING WILLOW,45
EASTERN REDCEDAR,44
EVELYN HEDGE MAPLE,44
PYRAMIDAL ARBORVITAE,44
CHINA GIRL DOGWOOD,43
CONQUEST MAPLE,43
DOGWOOD SPECIES,43
GLOBE CATALPA,43
SPRUCE SPECIES,42
HARLEQUIN AH,41
ROYALTY CRABAPPLE,41
COLORADO BLUE SPRUCE,40
RED JAPANESE MAPLE,40
SOVEREIGN PIN OAK,40
TREMBLING ASPEN,40
BLACK CHERRY,39
FERNLEAF COPPER BEECH,38
GOLDENRAIN TREE,38
HILLIER SPIRE CHERRY,38
NORTHERN PIN OAK,38
ARBORVITAE SPECIES,37
KENTUCKY COFFEETREE,37
MAGNOLIA 'VICTORIA',37
ORANGEBARK STEWARTIA,37
PEAR SPECIES,36
REDLEAF BEECH,36
SPECKLED ALDER,36
ELWOOD NORWAY MAPLE,35
PIN CHERRY,35
YELLOWWOOD,35
CATALPA SPECIES,33
SNOW GOOSE CHERRY,33
AMERICAN BEECH,32
CHINESE REDBUD AVONDALE,32
EUROPEAN BIRDCHERRY,32
HOLLY SPECIES,32
RED FOX KATSURA,32
CORNEL DOGWOOD,30
CALIFORNIA INCENSE CEDAR,29
CHINESE WINGNUT,29
ENGLISH WALNUT,29
SIEBOLD'S MAGNOLIA,29
BAUMANN'S SEEDLESS HORSECHESTN,28
COLUMNAR SARGENT CHERRY,28
HAWTHORN SPECIES,28
WEEPING NOOTKA CYPRESS,28
BUTTERNUT,27
FALL GOLD BLACK ASH,27
WHITE SPRUCE,27
CORNELIAN CHERRY,26
KINDRED SPIRIT OAK,26
SOUTHERN BEECH,26
TCHONOSKI CRABAPPLE,26
GOLDEN GIANT ARBORVITAE,25
WILDFIRE BLACK GUM,25
APPRICOT PLUM,24
PONDEROSA PINE,24
TATARIAN MAPLE,24
WEEPING BEECH,24
AUTUMN GOLD ASH,23
STAGHORN SUMAC,23
COMMON PLUM,22
ELM SPECIES,22
GOLDEN CAUCASIAN MAPLE,22
HORNBEAM SPECIES,22
PURPLE ROBE LOCUST,22
ROUND LEAF BEECH,22
COLUMNAR RED MAPLE,21
CUTLEAF SILVER MAPLE,21
DOWNY HAWTHORN,21
VAUGHN HAWTHORN,21
COMMOM JUNIPER,20
DUTCH ELM,20
EASTERN HORNBEAM,20
IVY-LEAVED MAPLE,20
RED ALDER,20
SILVER LINDEN,20
MAJESTIC WHITEBEAM,19
MANGLETIA,19
MEDLAR APPLE,19
POPLAR SPECIES,19
RUGGED RIDGE MIYABE MAPLE,19
SWEETGUM SPECIES,19
GREEN VASE ZELKOVA,18
HINOKI FALSECYPRESS,18
PAPERBARK CHERRY,18
PURPLE FOUNTAIN BEECH,18
TAIJA JAPANESE MAPLE,18
AUTUMN SPLENDOR CHESTNUT,17
BIGLEAF LINDEN,17
CASCARA,17
HARDY RUBBER TREE,17
HYBRID CATALPA,17
JAPANESE PAGODA TREE,17
MAGNOLIA 'APOLLO',17
SHOJO JAPANESE MAPLE,17
SKYLINE HONEYLOCUST,17
SMOOTHLEAF ELM,17
VANDERWOLFS PINE,17
ALDER SPECIES,16
DOUGLAS MAPLE,16
FULLMOON MAPLE,16
HARVEST ORANGE MAPLE,16
MAGNOLIA 'MERRILL',16
PINK FLOWERING JAPANESE SNOWBE,16
RIVER BIRCH,16
YUNNANENSIS CRABAPPLE,16
AMERICAN FILBERT,15
FASTIGIATA MAIDENHAIR TREE,15
VENUS DOGWOOD,15
WALNUT SPECIES,15
FILBERT SPECIES,14
GOLDEN CHAIN TREE,14
MANCHURIAN CHERRY,14
PURPLE NORWAY MAPLE,14
SUSAN MAGNOLIA,14
YELLOW BUCKEYE,14
COMMON LILAC,13
GOLDSPOT DOGWOOD,13
JACK PINE,13
MOUNTAIN BLACK HEMLOCK,13
RED BUCKEYE,13
SAUCER MAGNOLIA,13
SPINDLE TREE,13
CHINESE TUPELO,12
EUROPEAN LARCH,12
GIANT FILBERT,12
LODGEPOLE PINE,12
PLUME CRYPTOMERIA,12
ATLAS CEDAR,11
COLUMNAR SWEDISH ASPEN,11
GOLDEN RAINDROPS CRABAPPLE,11
KASHMIR CEDAR,11
QUEEN ELIZABETH NORWAY MAPLE,11
RUDOLPH CRABAPPLE,11
STRIPED-BARK MAPLE,11
WESTERN WHITE PINE,11
WILLOW SPECIES,11
WINDMILL PALM,11
BLACK SPRUCE,10
COCKSPUR HAWTHORN,10
GOLDEN ASH,10
HAZELNUT,10
JOSEPH ROCK MOUNTAIN ASH,10
LILAC SPECIES,10
MAGNOLIA 'SERENE',10
MONKEY PUZZLE TREE,10
PURPLE LIKIANG SPRUCE,10
SWEETBAY MAGNOLIA MOONGLOW,10
VILMORIN MOUNTAIN ASH,10
WHITE FIR,10
ALMIRA NORWAY MAPLE,9
BALSAM FIR,9
BLUE ATLAS CEDAR,9
COMMON FIG,9
DR. PIRONE'S ASH,9
EASTERN HEMLOCK,9
EMPRESS TREE,9
GREAT WHITE CHERRY,9
KOREAN FIR,9
KOREAN MAPLE,9
MUGO PINE,9
PACIFIC MADRONE/ARBUTUS,9
PYRAMID BLACK LOCUST,9
REGAL PRINCE OAK,9
TURNER'S OAK,9
CHESTNUT SPECIES,8
CHINESE MAGNOLIA,8
FAASSEN'S BLACK NORWAY MAPLE,8
HOOP'S BLUE SPRUCE,8
OREGON ASH,8
THREADLEAF JAPANESE MAPLE,8
WHITE POPLAR,8
AMERICAN CHESTNUT,7
CALIFORNIA REDWOOD,7
CELEBRATION RED MAPLE,7
CHESTNUT OAK,7
CORKSCREW WILLOW,7
CUCUMBER MAGNOLIA,7
MAGNOLIA 'IOLANTHE',7
MOSS SAWARA FALSECYPRESS,7
POINTED LEAF MAPLE,7
UPRIGHT PERSIAN IRONWOOD,7
ALLEGHENY SERVICEBERRY,6
AUTUMN GOLD GINKGO,6
BALD CYPRESS,6
BLUE NOOTKA CYPRESS,6
CHINESE CRABAPPLE,6
GREENLACE NORWAY MAPLE,6
HOT WINGS MAPLE,6
MAGNOLIA 'CHYVERTON RED',6
NOBLE FIR,6
PIONEER ELM,6
PURPLE CATALPA,6
PURPLE LEAF HAZELNUT,6
WILD DRAGON CHINESE TULIPTREE,6
YAMHILL FILBERT,6
AMUR CORKTREE,5
ASCENDING BALD CYPRESS,5
BAY LAUREL,5
BLACK MAPLE,5
BLUE ASH,5
BURGANDY LACE JAPANESE  MAPLE,5
CHEALS WEEPING CHERRY,5
CHITALPA,5
CLEVELAND NORWAY MAPLE,5
GOLDEN CATALPA,5
GOLDEN ORIENTAL ARBORVITAE,5
HESSE'S EUROPEAN ASH,5
JAPANESE CRYPTOMERIA,5
JAPANESE WALNUT,5
JEFFERSON FILBERT,5
JUNIPER SPECIES,5
LABURNUM SPECIES,5
MAGNOLIA 'BLOOD MOON',5
NANNYBERRY,5
PRAIRIE SENTINEL HACKBERRY,5
RISING SUN REDBUD,5
SIBERIAN CRABAPPLE,5
SOUTHERN SUGAR MAPLE,5
STREET KEEPER HONEYLOCUST,5
SUMAC SPECIES,5
SWEETHEART CHERRY,5
WEEPING CRABAPPLE,5
WHITE MULBERRY,5
CELESTIAL SHADOW DOGWOOD,4
EASY STREET NORWAY MAPLE,4
ETA FILBERT,4
GARRY OAK,4
GOLD HINOKI FALSECYPRESS,4
GREY DOGWOOD,4
HENRY MAPLE,4
JAPANESE ANGELICA TREE,4
MESERVE HOLLY,4
MIDGET CRABAPPLE,4
OHIO BUCKEYE,4
PRAIRIE STATURE OAK,4
STAR MAGNOLIA,4
TEA CRABAPPLE,4
TREE OF HEAVEN,4
UPRIGHT MOUNTAIN ASH,4
WEEPING MULBERRY,4
WIER CUTLEAF SILVER MAPLE,4
YOUNG'S WEEPING BIRCH,4
ALIA'S MAGNOLIA,3
AMERICAN BEAUTY CRABAPPLE,3
BRUNS SERBIAN SPRUCE,3
CARPATHIAN WALNUT,3
CHINESE BIRCH,3
COLUMNAR SCOTCH PINE,3
DWARF ALBERTA SPRUCE,3
EASTERN MOUNTAIN MAPLE,3
ENGLEMANN SPRUCE,3
EPAULETTE TREE,3
EUROPEAN PURPLE BIRCH,3
EVERGREEN OAK,3
GOLD RUSH DAWN REDWOOD,3
GOLDEN WEEPING WILLOW,3
GREENLACE JAPANESE MAPLE,3
HIMALAYAN WHITE PINE,3
HYBRID POPLAR,3
INDIA PLUM,3
ITALIAN PLUM,3
JAPANESE WHITE PINE,3
MAGNOLIA 'RUSTICA RUBRA',3
ORIENTAL ARBORVITAE,3
ORIENTAL PLANE TREE,3
SASKATOON BERRY,3
SEA BUCKTHORN,3
STINKING ASH,3
TRICOLOR DOGWOOD,3
TURKISH MOUNTAIN ASH,3
UMBRELLA PINE,3
WEEPING HIGAN CHERRY,3
WEEPING KATSURA TREE,3
WEEPING LAWSON CYPRESS,3
WHITE WILLOW,3
APRICOT,2
CAUCASIAN WING NUT,2
CHINESE JUNIPER,2
CONTORTED FILBERT,2
CRIMSON QUEEN JAPANESE MAPLE,2
DIVERSIFOLIA EUROPEAN ASH,2
EASTERN WHITE PINE,2
ELEY FLOWERING CRABAPPLE,2
EUCALYPTUS,2
EUROPEAN BLACK ALDER,2
GLORYBOWER,2
GRAY POPLAR,2
HUANGSHAN MAGNOLIA,2
JAPANESE BLACK PINE,2
JAPANESE CHESTNUT,2
JEFFREY PINE,2
LEYLAND CYPRESS,2
MAGNOLIA 'ATHENE',2
MAGNOLIA 'BETTY',2
MAGNOLIA 'EDITH BOGUE',2
MAGNOLIA 'LEONARD MESSEL',2
MANCHURIAN BIRCH,2
MICHELIA TREE,2
MIYAKO CHERRY,2
MULAN MAGNOLIA,2
NORTHERN GEM ASH,2
ORIENTAL SPRUCE,2
PARKWAY MAPLE,2
PURPLE-LEAF HYBRID CRABAPPLE,2
PYRAMIDAL SINGLESEED HAWTHORN,2
SHANTUNG MAPLE,2
SILVER QUEEN MAPLE,2
SOURWOOD,2
SWAT MAGRET PURPLE BEECH,2
UMBRELLA CATALPA,2
ZENI MAGNOLIA,2
ALPINE FIR,1
BITTER CHERRY,1
BOSC PEAR,1
CAMPERDOWN ELM,1
CASTOR ARALIA,1
CHEROKEE SWEETGUM,1
CHINESE CATALPA,1
COMMON PEACH,1
CORIGO GIANT DOGWOOD,1
CUTLEAF ENGLISH WALNUT,1
CUTLEAF NORWAY MAPLE,1
DAWSON'S MAGNOLIA,1
DWARF SCOTCH PINE,1
FIG SPECIES SPECIES,1
GINGER GOLD APPLE,1
GOLDEN EUROPEAN ASH,1
JADE GREEN NORWAY MAPLE,1
JONAGOLD APPLE,1
KOREAN STEWARTIA,1
"MAGNOLIA ""CHARLES COATES""",1
MAGNOLIA 'BIG DUDE',1
MAGNOLIA 'BLUSHING BELLE',1
MAGNOLIA 'BUTTERFLIES',1
MAGNOLIA 'CAMEO',1
MAGNOLIA 'CLEOPATRA',1
MAGNOLIA 'DIVA',1
MAGNOLIA 'IUFER',1
MAGNOLIA PURPLE SENSATION,1
MIKURUMA-GAESHI CHERRY,1
MOUNTAIN SILVERBELL,1
MOUNTAINMOON EVERGREEN DOGWOOD,1
NORDMAN FIR,1
OBELISK BEECH,1
PENDULOUS HYBRID CRABAPPLE,1
PURPLE GIANT FILBERT,1
RAINBOW DOGWOOD,1
ROSE SARGENT CRABAPPLE,1
SARATOGA GINKGO,1
SARGENT CRABAPPLE,1
SHOGETSU JAPANESE CHERRY,1
SILK TREE,1
SNOWDRIFT CRABAPPLE,1
STRAWBERRY TREE,1
THREAD-LEAF CYPRESS,1
TRUE SHADE HONEYLOCUST,1
VARIEGATED BOX ELDER,1
VEITCH MAGNOLIA,1
WATSON'S CRABAPPLE,1
WEEPING GOLDENCHAIN,1
WEEPING SEQUOIA,1
